{"cameraMode":{"drawMode":0,"name":"Shaded","section":"Shading Mode"},"sceneLighting":false,"audioPlay":false,"sceneViewState":{"showFog":true,"showMaterialUpdate":false,"showSkybox":true,"showFlares":true,"showImageEffects":true,"showParticleSystems":true},"in2DMode":false,"pivot":{"x":-1.7398200035095215,"y":4.625744819641113,"z":-14.90933609008789},"rotation":{"x":-0.14323754608631135,"y":-0.18732528388500215,"z":0.02762167528271675,"w":-0.9714058637619019},"size":3.2444050312042238,"orthographic":false}