{"cameraMode":{"drawMode":0,"name":"Shaded","section":"Shading Mode"},"sceneLighting":false,"audioPlay":false,"sceneViewState":{"showFog":true,"showMaterialUpdate":false,"showSkybox":true,"showFlares":true,"showImageEffects":true,"showParticleSystems":true},"in2DMode":false,"pivot":{"x":2.1699001789093019,"y":4.137820720672607,"z":-2.419741630554199},"rotation":{"x":-0.13440696895122529,"y":-0.12450920045375824,"z":0.01702544279396534,"w":-0.9829254150390625},"size":1.0578851699829102,"orthographic":false}